name,email,company,event,linkedin_url
Max Brandt,max.brandt@example.com,Brandt Ventures,idealab-2026,https://www.linkedin.com/in/max-brandt/
Lena Hoffmann,lena.hoffmann@example.com,"Hoffmann & Partner GmbH, Berlin",idealab-2026,linkedin.com/in/lena-hoffmann
Jonas Weber,Jonas.Weber@example.com ,Weber Robotics,idealab-2026,https://www.linkedin.com/in/jonasweber?utm_source=share_via&utm_content=profile
Sophie Keller,sophie.keller@example.com,Keller Health,idealab-2026,
"Schneider, David",david.schneider@example.com,Schneider Capital,idealab-2026,https://de.linkedin.com/in/david-schneider-vc
Anna Fischer,anna.fischer@example.com,Fischer Climate Tech,bits-and-pretzels-2026,https://www.linkedin.com/in/anna-fischer-climate
Tim Becker,tim.becker@example.com,,idealab-2026,https://www.linkedin.com/in/timbecker
Laura Schmidt,laura.schmidt@example.com,Schmidt & Söhne,idealab-2026,
Felix Wagner,felix.wagner@example.com,Wagner Fintech,berlin-ai-hackathon-2026,www.linkedin.com/in/felix-wagner-ai
Mia Neumann,mia.neumann@example.com,Neumann Design Studio,idealab-2026,https://www.linkedin.com/in/mia-neumann/
Dr. Henrik Ólafsson,henrik.olafsson@example.com,Nordic Seed Fund,slush-2026,https://www.linkedin.com/in/henrikolafsson
Zoë van der Berg,zoe.vdberg@example.com,VDB Consulting,bits-and-pretzels-2026,
Priya Raghunathan,priya.raghunathan@example.com,Raghunathan Labs,berlin-ai-hackathon-2026,https://www.linkedin.com/in/priya-raghunathan
Jean-Luc Moreau,jean-luc.moreau@example.com,Moreau Mobilité,slush-2026,https://fr.linkedin.com/in/jeanlucmoreau
Noah Krüger,noah.krueger@example.com,Krüger Legal Tech,idealab-2026,https://www.linkedin.com/in/noah-krueger
Max Brandt,MAX.BRANDT@example.com,Brandt Ventures GmbH,IdeaLab! 2026,
